time,dangjin_floating,dangjin_warehouse,dangjin,ulsan
2021-02-01 1:00,,,,
2021-02-01 2:00,,,,
2021-02-01 3:00,,,,
2021-02-01 4:00,,,,
2021-02-01 5:00,,,,
2021-02-01 6:00,,,,
2021-02-01 7:00,,,,
2021-02-01 8:00,,,,
2021-02-01 9:00,,,,
2021-02-01 10:00,,,,
2021-02-01 11:00,,,,
2021-02-01 12:00,,,,
2021-02-01 13:00,,,,
2021-02-01 14:00,,,,
2021-02-01 15:00,,,,
2021-02-01 16:00,,,,
2021-02-01 17:00,,,,
2021-02-01 18:00,,,,
2021-02-01 19:00,,,,
2021-02-01 20:00,,,,
2021-02-01 21:00,,,,
2021-02-01 22:00,,,,
2021-02-01 23:00,,,,
2021-02-01 24:00:00,,,,
2021-02-02 1:00,,,,
2021-02-02 2:00,,,,
2021-02-02 3:00,,,,
2021-02-02 4:00,,,,
2021-02-02 5:00,,,,
2021-02-02 6:00,,,,
2021-02-02 7:00,,,,
2021-02-02 8:00,,,,
2021-02-02 9:00,,,,
2021-02-02 10:00,,,,
2021-02-02 11:00,,,,
2021-02-02 12:00,,,,
2021-02-02 13:00,,,,
2021-02-02 14:00,,,,
2021-02-02 15:00,,,,
2021-02-02 16:00,,,,
2021-02-02 17:00,,,,
2021-02-02 18:00,,,,
2021-02-02 19:00,,,,
2021-02-02 20:00,,,,
2021-02-02 21:00,,,,
2021-02-02 22:00,,,,
2021-02-02 23:00,,,,
2021-02-02 24:00:00,,,,
2021-02-03 1:00,,,,
2021-02-03 2:00,,,,
2021-02-03 3:00,,,,
2021-02-03 4:00,,,,
2021-02-03 5:00,,,,
2021-02-03 6:00,,,,
2021-02-03 7:00,,,,
2021-02-03 8:00,,,,
2021-02-03 9:00,,,,
2021-02-03 10:00,,,,
2021-02-03 11:00,,,,
2021-02-03 12:00,,,,
2021-02-03 13:00,,,,
2021-02-03 14:00,,,,
2021-02-03 15:00,,,,
2021-02-03 16:00,,,,
2021-02-03 17:00,,,,
2021-02-03 18:00,,,,
2021-02-03 19:00,,,,
2021-02-03 20:00,,,,
2021-02-03 21:00,,,,
2021-02-03 22:00,,,,
2021-02-03 23:00,,,,
2021-02-03 24:00:00,,,,
2021-02-04 1:00,,,,
2021-02-04 2:00,,,,
2021-02-04 3:00,,,,
2021-02-04 4:00,,,,
2021-02-04 5:00,,,,
2021-02-04 6:00,,,,
2021-02-04 7:00,,,,
2021-02-04 8:00,,,,
2021-02-04 9:00,,,,
2021-02-04 10:00,,,,
2021-02-04 11:00,,,,
2021-02-04 12:00,,,,
2021-02-04 13:00,,,,
2021-02-04 14:00,,,,
2021-02-04 15:00,,,,
2021-02-04 16:00,,,,
2021-02-04 17:00,,,,
2021-02-04 18:00,,,,
2021-02-04 19:00,,,,
2021-02-04 20:00,,,,
2021-02-04 21:00,,,,
2021-02-04 22:00,,,,
2021-02-04 23:00,,,,
2021-02-04 24:00:00,,,,
2021-02-05 1:00,,,,
2021-02-05 2:00,,,,
2021-02-05 3:00,,,,
2021-02-05 4:00,,,,
2021-02-05 5:00,,,,
2021-02-05 6:00,,,,
2021-02-05 7:00,,,,
2021-02-05 8:00,,,,
2021-02-05 9:00,,,,
2021-02-05 10:00,,,,
2021-02-05 11:00,,,,
2021-02-05 12:00,,,,
2021-02-05 13:00,,,,
2021-02-05 14:00,,,,
2021-02-05 15:00,,,,
2021-02-05 16:00,,,,
2021-02-05 17:00,,,,
2021-02-05 18:00,,,,
2021-02-05 19:00,,,,
2021-02-05 20:00,,,,
2021-02-05 21:00,,,,
2021-02-05 22:00,,,,
2021-02-05 23:00,,,,
2021-02-05 24:00:00,,,,
2021-02-06 1:00,,,,
2021-02-06 2:00,,,,
2021-02-06 3:00,,,,
2021-02-06 4:00,,,,
2021-02-06 5:00,,,,
2021-02-06 6:00,,,,
2021-02-06 7:00,,,,
2021-02-06 8:00,,,,
2021-02-06 9:00,,,,
2021-02-06 10:00,,,,
2021-02-06 11:00,,,,
2021-02-06 12:00,,,,
2021-02-06 13:00,,,,
2021-02-06 14:00,,,,
2021-02-06 15:00,,,,
2021-02-06 16:00,,,,
2021-02-06 17:00,,,,
2021-02-06 18:00,,,,
2021-02-06 19:00,,,,
2021-02-06 20:00,,,,
2021-02-06 21:00,,,,
2021-02-06 22:00,,,,
2021-02-06 23:00,,,,
2021-02-06 24:00:00,,,,
2021-02-07 1:00,,,,
2021-02-07 2:00,,,,
2021-02-07 3:00,,,,
2021-02-07 4:00,,,,
2021-02-07 5:00,,,,
2021-02-07 6:00,,,,
2021-02-07 7:00,,,,
2021-02-07 8:00,,,,
2021-02-07 9:00,,,,
2021-02-07 10:00,,,,
2021-02-07 11:00,,,,
2021-02-07 12:00,,,,
2021-02-07 13:00,,,,
2021-02-07 14:00,,,,
2021-02-07 15:00,,,,
2021-02-07 16:00,,,,
2021-02-07 17:00,,,,
2021-02-07 18:00,,,,
2021-02-07 19:00,,,,
2021-02-07 20:00,,,,
2021-02-07 21:00,,,,
2021-02-07 22:00,,,,
2021-02-07 23:00,,,,
2021-02-07 24:00:00,,,,
2021-02-08 1:00,,,,
2021-02-08 2:00,,,,
2021-02-08 3:00,,,,
2021-02-08 4:00,,,,
2021-02-08 5:00,,,,
2021-02-08 6:00,,,,
2021-02-08 7:00,,,,
2021-02-08 8:00,,,,
2021-02-08 9:00,,,,
2021-02-08 10:00,,,,
2021-02-08 11:00,,,,
2021-02-08 12:00,,,,
2021-02-08 13:00,,,,
2021-02-08 14:00,,,,
2021-02-08 15:00,,,,
2021-02-08 16:00,,,,
2021-02-08 17:00,,,,
2021-02-08 18:00,,,,
2021-02-08 19:00,,,,
2021-02-08 20:00,,,,
2021-02-08 21:00,,,,
2021-02-08 22:00,,,,
2021-02-08 23:00,,,,
2021-02-08 24:00:00,,,,
2021-02-09 1:00,,,,
2021-02-09 2:00,,,,
2021-02-09 3:00,,,,
2021-02-09 4:00,,,,
2021-02-09 5:00,,,,
2021-02-09 6:00,,,,
2021-02-09 7:00,,,,
2021-02-09 8:00,,,,
2021-02-09 9:00,,,,
2021-02-09 10:00,,,,
2021-02-09 11:00,,,,
2021-02-09 12:00,,,,
2021-02-09 13:00,,,,
2021-02-09 14:00,,,,
2021-02-09 15:00,,,,
2021-02-09 16:00,,,,
2021-02-09 17:00,,,,
2021-02-09 18:00,,,,
2021-02-09 19:00,,,,
2021-02-09 20:00,,,,
2021-02-09 21:00,,,,
2021-02-09 22:00,,,,
2021-02-09 23:00,,,,
2021-02-09 24:00:00,,,,
2021-02-10 1:00,,,,
2021-02-10 2:00,,,,
2021-02-10 3:00,,,,
2021-02-10 4:00,,,,
2021-02-10 5:00,,,,
2021-02-10 6:00,,,,
2021-02-10 7:00,,,,
2021-02-10 8:00,,,,
2021-02-10 9:00,,,,
2021-02-10 10:00,,,,
2021-02-10 11:00,,,,
2021-02-10 12:00,,,,
2021-02-10 13:00,,,,
2021-02-10 14:00,,,,
2021-02-10 15:00,,,,
2021-02-10 16:00,,,,
2021-02-10 17:00,,,,
2021-02-10 18:00,,,,
2021-02-10 19:00,,,,
2021-02-10 20:00,,,,
2021-02-10 21:00,,,,
2021-02-10 22:00,,,,
2021-02-10 23:00,,,,
2021-02-10 24:00:00,,,,
2021-02-11 1:00,,,,
2021-02-11 2:00,,,,
2021-02-11 3:00,,,,
2021-02-11 4:00,,,,
2021-02-11 5:00,,,,
2021-02-11 6:00,,,,
2021-02-11 7:00,,,,
2021-02-11 8:00,,,,
2021-02-11 9:00,,,,
2021-02-11 10:00,,,,
2021-02-11 11:00,,,,
2021-02-11 12:00,,,,
2021-02-11 13:00,,,,
2021-02-11 14:00,,,,
2021-02-11 15:00,,,,
2021-02-11 16:00,,,,
2021-02-11 17:00,,,,
2021-02-11 18:00,,,,
2021-02-11 19:00,,,,
2021-02-11 20:00,,,,
2021-02-11 21:00,,,,
2021-02-11 22:00,,,,
2021-02-11 23:00,,,,
2021-02-11 24:00:00,,,,
2021-02-12 1:00,,,,
2021-02-12 2:00,,,,
2021-02-12 3:00,,,,
2021-02-12 4:00,,,,
2021-02-12 5:00,,,,
2021-02-12 6:00,,,,
2021-02-12 7:00,,,,
2021-02-12 8:00,,,,
2021-02-12 9:00,,,,
2021-02-12 10:00,,,,
2021-02-12 11:00,,,,
2021-02-12 12:00,,,,
2021-02-12 13:00,,,,
2021-02-12 14:00,,,,
2021-02-12 15:00,,,,
2021-02-12 16:00,,,,
2021-02-12 17:00,,,,
2021-02-12 18:00,,,,
2021-02-12 19:00,,,,
2021-02-12 20:00,,,,
2021-02-12 21:00,,,,
2021-02-12 22:00,,,,
2021-02-12 23:00,,,,
2021-02-12 24:00:00,,,,
2021-02-13 1:00,,,,
2021-02-13 2:00,,,,
2021-02-13 3:00,,,,
2021-02-13 4:00,,,,
2021-02-13 5:00,,,,
2021-02-13 6:00,,,,
2021-02-13 7:00,,,,
2021-02-13 8:00,,,,
2021-02-13 9:00,,,,
2021-02-13 10:00,,,,
2021-02-13 11:00,,,,
2021-02-13 12:00,,,,
2021-02-13 13:00,,,,
2021-02-13 14:00,,,,
2021-02-13 15:00,,,,
2021-02-13 16:00,,,,
2021-02-13 17:00,,,,
2021-02-13 18:00,,,,
2021-02-13 19:00,,,,
2021-02-13 20:00,,,,
2021-02-13 21:00,,,,
2021-02-13 22:00,,,,
2021-02-13 23:00,,,,
2021-02-13 24:00:00,,,,
2021-02-14 1:00,,,,
2021-02-14 2:00,,,,
2021-02-14 3:00,,,,
2021-02-14 4:00,,,,
2021-02-14 5:00,,,,
2021-02-14 6:00,,,,
2021-02-14 7:00,,,,
2021-02-14 8:00,,,,
2021-02-14 9:00,,,,
2021-02-14 10:00,,,,
2021-02-14 11:00,,,,
2021-02-14 12:00,,,,
2021-02-14 13:00,,,,
2021-02-14 14:00,,,,
2021-02-14 15:00,,,,
2021-02-14 16:00,,,,
2021-02-14 17:00,,,,
2021-02-14 18:00,,,,
2021-02-14 19:00,,,,
2021-02-14 20:00,,,,
2021-02-14 21:00,,,,
2021-02-14 22:00,,,,
2021-02-14 23:00,,,,
2021-02-14 24:00:00,,,,
2021-02-15 1:00,,,,
2021-02-15 2:00,,,,
2021-02-15 3:00,,,,
2021-02-15 4:00,,,,
2021-02-15 5:00,,,,
2021-02-15 6:00,,,,
2021-02-15 7:00,,,,
2021-02-15 8:00,,,,
2021-02-15 9:00,,,,
2021-02-15 10:00,,,,
2021-02-15 11:00,,,,
2021-02-15 12:00,,,,
2021-02-15 13:00,,,,
2021-02-15 14:00,,,,
2021-02-15 15:00,,,,
2021-02-15 16:00,,,,
2021-02-15 17:00,,,,
2021-02-15 18:00,,,,
2021-02-15 19:00,,,,
2021-02-15 20:00,,,,
2021-02-15 21:00,,,,
2021-02-15 22:00,,,,
2021-02-15 23:00,,,,
2021-02-15 24:00:00,,,,
2021-02-16 1:00,,,,
2021-02-16 2:00,,,,
2021-02-16 3:00,,,,
2021-02-16 4:00,,,,
2021-02-16 5:00,,,,
2021-02-16 6:00,,,,
2021-02-16 7:00,,,,
2021-02-16 8:00,,,,
2021-02-16 9:00,,,,
2021-02-16 10:00,,,,
2021-02-16 11:00,,,,
2021-02-16 12:00,,,,
2021-02-16 13:00,,,,
2021-02-16 14:00,,,,
2021-02-16 15:00,,,,
2021-02-16 16:00,,,,
2021-02-16 17:00,,,,
2021-02-16 18:00,,,,
2021-02-16 19:00,,,,
2021-02-16 20:00,,,,
2021-02-16 21:00,,,,
2021-02-16 22:00,,,,
2021-02-16 23:00,,,,
2021-02-16 24:00:00,,,,
2021-02-17 1:00,,,,
2021-02-17 2:00,,,,
2021-02-17 3:00,,,,
2021-02-17 4:00,,,,
2021-02-17 5:00,,,,
2021-02-17 6:00,,,,
2021-02-17 7:00,,,,
2021-02-17 8:00,,,,
2021-02-17 9:00,,,,
2021-02-17 10:00,,,,
2021-02-17 11:00,,,,
2021-02-17 12:00,,,,
2021-02-17 13:00,,,,
2021-02-17 14:00,,,,
2021-02-17 15:00,,,,
2021-02-17 16:00,,,,
2021-02-17 17:00,,,,
2021-02-17 18:00,,,,
2021-02-17 19:00,,,,
2021-02-17 20:00,,,,
2021-02-17 21:00,,,,
2021-02-17 22:00,,,,
2021-02-17 23:00,,,,
2021-02-17 24:00:00,,,,
2021-02-18 1:00,,,,
2021-02-18 2:00,,,,
2021-02-18 3:00,,,,
2021-02-18 4:00,,,,
2021-02-18 5:00,,,,
2021-02-18 6:00,,,,
2021-02-18 7:00,,,,
2021-02-18 8:00,,,,
2021-02-18 9:00,,,,
2021-02-18 10:00,,,,
2021-02-18 11:00,,,,
2021-02-18 12:00,,,,
2021-02-18 13:00,,,,
2021-02-18 14:00,,,,
2021-02-18 15:00,,,,
2021-02-18 16:00,,,,
2021-02-18 17:00,,,,
2021-02-18 18:00,,,,
2021-02-18 19:00,,,,
2021-02-18 20:00,,,,
2021-02-18 21:00,,,,
2021-02-18 22:00,,,,
2021-02-18 23:00,,,,
2021-02-18 24:00:00,,,,
2021-02-19 1:00,,,,
2021-02-19 2:00,,,,
2021-02-19 3:00,,,,
2021-02-19 4:00,,,,
2021-02-19 5:00,,,,
2021-02-19 6:00,,,,
2021-02-19 7:00,,,,
2021-02-19 8:00,,,,
2021-02-19 9:00,,,,
2021-02-19 10:00,,,,
2021-02-19 11:00,,,,
2021-02-19 12:00,,,,
2021-02-19 13:00,,,,
2021-02-19 14:00,,,,
2021-02-19 15:00,,,,
2021-02-19 16:00,,,,
2021-02-19 17:00,,,,
2021-02-19 18:00,,,,
2021-02-19 19:00,,,,
2021-02-19 20:00,,,,
2021-02-19 21:00,,,,
2021-02-19 22:00,,,,
2021-02-19 23:00,,,,
2021-02-19 24:00:00,,,,
2021-02-20 1:00,,,,
2021-02-20 2:00,,,,
2021-02-20 3:00,,,,
2021-02-20 4:00,,,,
2021-02-20 5:00,,,,
2021-02-20 6:00,,,,
2021-02-20 7:00,,,,
2021-02-20 8:00,,,,
2021-02-20 9:00,,,,
2021-02-20 10:00,,,,
2021-02-20 11:00,,,,
2021-02-20 12:00,,,,
2021-02-20 13:00,,,,
2021-02-20 14:00,,,,
2021-02-20 15:00,,,,
2021-02-20 16:00,,,,
2021-02-20 17:00,,,,
2021-02-20 18:00,,,,
2021-02-20 19:00,,,,
2021-02-20 20:00,,,,
2021-02-20 21:00,,,,
2021-02-20 22:00,,,,
2021-02-20 23:00,,,,
2021-02-20 24:00:00,,,,
2021-02-21 1:00,,,,
2021-02-21 2:00,,,,
2021-02-21 3:00,,,,
2021-02-21 4:00,,,,
2021-02-21 5:00,,,,
2021-02-21 6:00,,,,
2021-02-21 7:00,,,,
2021-02-21 8:00,,,,
2021-02-21 9:00,,,,
2021-02-21 10:00,,,,
2021-02-21 11:00,,,,
2021-02-21 12:00,,,,
2021-02-21 13:00,,,,
2021-02-21 14:00,,,,
2021-02-21 15:00,,,,
2021-02-21 16:00,,,,
2021-02-21 17:00,,,,
2021-02-21 18:00,,,,
2021-02-21 19:00,,,,
2021-02-21 20:00,,,,
2021-02-21 21:00,,,,
2021-02-21 22:00,,,,
2021-02-21 23:00,,,,
2021-02-21 24:00:00,,,,
2021-02-22 1:00,,,,
2021-02-22 2:00,,,,
2021-02-22 3:00,,,,
2021-02-22 4:00,,,,
2021-02-22 5:00,,,,
2021-02-22 6:00,,,,
2021-02-22 7:00,,,,
2021-02-22 8:00,,,,
2021-02-22 9:00,,,,
2021-02-22 10:00,,,,
2021-02-22 11:00,,,,
2021-02-22 12:00,,,,
2021-02-22 13:00,,,,
2021-02-22 14:00,,,,
2021-02-22 15:00,,,,
2021-02-22 16:00,,,,
2021-02-22 17:00,,,,
2021-02-22 18:00,,,,
2021-02-22 19:00,,,,
2021-02-22 20:00,,,,
2021-02-22 21:00,,,,
2021-02-22 22:00,,,,
2021-02-22 23:00,,,,
2021-02-22 24:00:00,,,,
2021-02-23 1:00,,,,
2021-02-23 2:00,,,,
2021-02-23 3:00,,,,
2021-02-23 4:00,,,,
2021-02-23 5:00,,,,
2021-02-23 6:00,,,,
2021-02-23 7:00,,,,
2021-02-23 8:00,,,,
2021-02-23 9:00,,,,
2021-02-23 10:00,,,,
2021-02-23 11:00,,,,
2021-02-23 12:00,,,,
2021-02-23 13:00,,,,
2021-02-23 14:00,,,,
2021-02-23 15:00,,,,
2021-02-23 16:00,,,,
2021-02-23 17:00,,,,
2021-02-23 18:00,,,,
2021-02-23 19:00,,,,
2021-02-23 20:00,,,,
2021-02-23 21:00,,,,
2021-02-23 22:00,,,,
2021-02-23 23:00,,,,
2021-02-23 24:00:00,,,,
2021-02-24 1:00,,,,
2021-02-24 2:00,,,,
2021-02-24 3:00,,,,
2021-02-24 4:00,,,,
2021-02-24 5:00,,,,
2021-02-24 6:00,,,,
2021-02-24 7:00,,,,
2021-02-24 8:00,,,,
2021-02-24 9:00,,,,
2021-02-24 10:00,,,,
2021-02-24 11:00,,,,
2021-02-24 12:00,,,,
2021-02-24 13:00,,,,
2021-02-24 14:00,,,,
2021-02-24 15:00,,,,
2021-02-24 16:00,,,,
2021-02-24 17:00,,,,
2021-02-24 18:00,,,,
2021-02-24 19:00,,,,
2021-02-24 20:00,,,,
2021-02-24 21:00,,,,
2021-02-24 22:00,,,,
2021-02-24 23:00,,,,
2021-02-24 24:00:00,,,,
2021-02-25 1:00,,,,
2021-02-25 2:00,,,,
2021-02-25 3:00,,,,
2021-02-25 4:00,,,,
2021-02-25 5:00,,,,
2021-02-25 6:00,,,,
2021-02-25 7:00,,,,
2021-02-25 8:00,,,,
2021-02-25 9:00,,,,
2021-02-25 10:00,,,,
2021-02-25 11:00,,,,
2021-02-25 12:00,,,,
2021-02-25 13:00,,,,
2021-02-25 14:00,,,,
2021-02-25 15:00,,,,
2021-02-25 16:00,,,,
2021-02-25 17:00,,,,
2021-02-25 18:00,,,,
2021-02-25 19:00,,,,
2021-02-25 20:00,,,,
2021-02-25 21:00,,,,
2021-02-25 22:00,,,,
2021-02-25 23:00,,,,
2021-02-25 24:00:00,,,,
2021-02-26 1:00,,,,
2021-02-26 2:00,,,,
2021-02-26 3:00,,,,
2021-02-26 4:00,,,,
2021-02-26 5:00,,,,
2021-02-26 6:00,,,,
2021-02-26 7:00,,,,
2021-02-26 8:00,,,,
2021-02-26 9:00,,,,
2021-02-26 10:00,,,,
2021-02-26 11:00,,,,
2021-02-26 12:00,,,,
2021-02-26 13:00,,,,
2021-02-26 14:00,,,,
2021-02-26 15:00,,,,
2021-02-26 16:00,,,,
2021-02-26 17:00,,,,
2021-02-26 18:00,,,,
2021-02-26 19:00,,,,
2021-02-26 20:00,,,,
2021-02-26 21:00,,,,
2021-02-26 22:00,,,,
2021-02-26 23:00,,,,
2021-02-26 24:00:00,,,,
2021-02-27 1:00,,,,
2021-02-27 2:00,,,,
2021-02-27 3:00,,,,
2021-02-27 4:00,,,,
2021-02-27 5:00,,,,
2021-02-27 6:00,,,,
2021-02-27 7:00,,,,
2021-02-27 8:00,,,,
2021-02-27 9:00,,,,
2021-02-27 10:00,,,,
2021-02-27 11:00,,,,
2021-02-27 12:00,,,,
2021-02-27 13:00,,,,
2021-02-27 14:00,,,,
2021-02-27 15:00,,,,
2021-02-27 16:00,,,,
2021-02-27 17:00,,,,
2021-02-27 18:00,,,,
2021-02-27 19:00,,,,
2021-02-27 20:00,,,,
2021-02-27 21:00,,,,
2021-02-27 22:00,,,,
2021-02-27 23:00,,,,
2021-02-27 24:00:00,,,,
2021-02-28 1:00,,,,
2021-02-28 2:00,,,,
2021-02-28 3:00,,,,
2021-02-28 4:00,,,,
2021-02-28 5:00,,,,
2021-02-28 6:00,,,,
2021-02-28 7:00,,,,
2021-02-28 8:00,,,,
2021-02-28 9:00,,,,
2021-02-28 10:00,,,,
2021-02-28 11:00,,,,
2021-02-28 12:00,,,,
2021-02-28 13:00,,,,
2021-02-28 14:00,,,,
2021-02-28 15:00,,,,
2021-02-28 16:00,,,,
2021-02-28 17:00,,,,
2021-02-28 18:00,,,,
2021-02-28 19:00,,,,
2021-02-28 20:00,,,,
2021-02-28 21:00,,,,
2021-02-28 22:00,,,,
2021-02-28 23:00,,,,
2021-02-28 24:00:00,,,,
2021-06-09 1:00,0,0,0,0
2021-06-09 2:00,0,0,0,0
2021-06-09 3:00,0,0,0,0
2021-06-09 4:00,0,0,0,0
2021-06-09 5:00,0,0,0,0
2021-06-09 6:00,0,0,0,0
2021-06-09 7:00,54.95943237,43.45266237,58.40017511,34.57011213
2021-06-09 8:00,93.43446519,68.18044886,102.2184185,65.50559306
2021-06-09 9:00,169.7548576,133.654944,193.3286046,110.0180522
2021-06-09 10:00,237.8268502,208.6415035,295.5740279,154.7539585
2021-06-09 11:00,294.0413134,255.5579178,365.4652779,170.3081551
2021-06-09 12:00,313.1257441,267.606014,397.934766,183.6690912
2021-06-09 13:00,319.9663296,267.1110349,396.5777491,183.6690912
2021-06-09 14:00,288.236508,238.3599046,363.0926418,181.9352606
2021-06-09 15:00,286.3112641,226.8207178,347.5039877,168.700671
2021-06-09 16:00,225.1209505,199.738051,300.5074488,153.7358895
2021-06-09 17:00,190.8402285,161.6901385,235.6186135,108.9054405
2021-06-09 18:00,151.6209427,121.565086,175.8932352,66.68975885
2021-06-09 19:00,100.1439958,61.11360471,109.2582014,39.61770534
2021-06-09 20:00,52.89178698,39.56309506,58.40017511,27.06793535
2021-06-09 21:00,0,0,0,0
2021-06-09 22:00,0,0,0,0
2021-06-09 23:00,0,0,0,0
2021-06-09 24:00:00,0,0,0,0
2021-06-10 1:00,0,0,0,0
2021-06-10 2:00,0,0,0,0
2021-06-10 3:00,0,0,0,0
2021-06-10 4:00,0,0,0,0
2021-06-10 5:00,0,0,0,0
2021-06-10 6:00,0,0,0,0
2021-06-10 7:00,54.95943237,39.75207149,58.32260313,34.57011213
2021-06-10 8:00,80.93580305,59.43844294,90.32778836,65.50559306
2021-06-10 9:00,175.2454676,118.4822488,169.8009651,101.3216566
2021-06-10 10:00,184.7825584,166.108291,235.373839,121.8777718
2021-06-10 11:00,256.3781245,197.0614318,285.0692571,145.7404429
2021-06-10 12:00,260.625565,206.5515881,280.6972153,153.7122528
2021-06-10 13:00,258.2247333,206.4710371,278.865024,153.4651276
2021-06-10 14:00,248.6801467,193.150014,260.4300516,142.590134
2021-06-10 15:00,197.1553011,153.6310132,235.310271,132.5484847
2021-06-10 16:00,179.0692891,133.4542474,192.598414,91.19564537
2021-06-10 17:00,135.5003226,108.7691297,158.8553407,56.70861569
2021-06-10 18:00,126.8511867,88.19932859,135.5376899,54.50332658
2021-06-10 19:00,81.05577251,58.69286377,89.41674208,35.29734911
2021-06-10 20:00,52.89178698,39.56309506,58.32260313,27.06793535
2021-06-10 21:00,0,0,0,0
2021-06-10 22:00,0,0,0,0
2021-06-10 23:00,0,0,0,0
2021-06-10 24:00:00,0,0,0,0
2021-06-11 1:00,0,0,0,0
2021-06-11 2:00,0,0,0,0
2021-06-11 3:00,0,0,0,0
2021-06-11 4:00,0,0,0,0
2021-06-11 5:00,0,0,0,0
2021-06-11 6:00,0,0,0,0
2021-06-11 7:00,54.95943237,43.45266237,58.40017511,32.23336477
2021-06-11 8:00,92.74095164,68.18044886,101.6651596,47.24464974
2021-06-11 9:00,167.3108707,118.2688003,177.6084515,50.72309406
2021-06-11 10:00,236.0283039,194.3590139,270.3237522,50.65817078
2021-06-11 11:00,265.3696251,222.3875233,309.7357271,57.60926011
2021-06-11 12:00,222.6147862,169.601593,284.3691676,67.45106131
2021-06-11 13:00,161.4504044,108.7370702,159.0464146,67.45106131
2021-06-11 14:00,161.5519353,139.228931,214.9015299,71.79706276
2021-06-11 15:00,145.5132156,166.106397,217.704726,71.79706276
2021-06-11 16:00,191.1135766,135.4246923,215.6352245,57.17325231
2021-06-11 17:00,171.3780148,112.6104215,160.3843028,69.69107855
2021-06-11 18:00,121.0376822,90.70889876,117.4472323,59.34183241
2021-06-11 19:00,81.05577251,58.69286377,89.41674208,35.62792218
2021-06-11 20:00,52.89178698,39.56309506,58.32260313,27.06793535
2021-06-11 21:00,0,0,0,0
2021-06-11 22:00,0,0,0,0
2021-06-11 23:00,0,0,0,0
2021-06-11 24:00:00,0,0,0,0
2021-06-12 1:00,0,0,0,0
2021-06-12 2:00,0,0,0,0
2021-06-12 3:00,0,0,0,0
2021-06-12 4:00,0,0,0,0
2021-06-12 5:00,0,0,0,0
2021-06-12 6:00,0,0,0,0
2021-06-12 7:00,54.95943237,43.45266237,58.40017511,32.23336477
2021-06-12 8:00,93.43446519,68.18044886,102.2184185,49.57019254
2021-06-12 9:00,169.7548576,133.4751153,192.8261789,51.90006216
2021-06-12 10:00,240.3463407,205.7689401,285.7830662,65.45630867
2021-06-12 11:00,335.7922665,253.3541892,364.7034853,66.6577374
2021-06-12 12:00,356.3460133,267.606014,390.8917556,50.97372711
2021-06-12 13:00,305.9107943,237.2067051,370.1604432,50.68072269
2021-06-12 14:00,292.3444358,236.61446,359.5243787,50.68072269
2021-06-12 15:00,277.0233758,211.7517241,321.3651465,50.68072269
2021-06-12 16:00,217.9643225,153.8846163,231.2755683,50.65817078
2021-06-12 17:00,185.3741833,150.1547601,235.0078906,50.72309406
2021-06-12 18:00,151.6209427,123.3659173,175.8932352,49.56448947
2021-06-12 19:00,100.1439958,61.11360471,109.2582014,35.29734911
2021-06-12 20:00,52.89178698,39.56309506,58.40017511,27.06793535
2021-06-12 21:00,0,0,0,0
2021-06-12 22:00,0,0,0,0
2021-06-12 23:00,0,0,0,0
2021-06-12 24:00:00,0,0,0,0
2021-06-13 1:00,0,0,0,0
2021-06-13 2:00,0,0,0,0
2021-06-13 3:00,0,0,0,0
2021-06-13 4:00,0,0,0,0
2021-06-13 5:00,0,0,0,0
2021-06-13 6:00,0,0,0,0
2021-06-13 7:00,54.95943237,43.45266237,58.40017511,32.71339246
2021-06-13 8:00,93.43446519,68.18044886,102.2184185,59.95985386
2021-06-13 9:00,169.7548576,133.654944,193.3286046,88.31170136
2021-06-13 10:00,240.3463407,205.7689401,286.1219097,120.5107172
2021-06-13 11:00,332.8334724,251.613292,364.7034853,149.3363535
2021-06-13 12:00,303.1590029,243.2852259,373.1590476,171.0856132
2021-06-13 13:00,305.9107943,237.2067051,370.1604432,181.8178174
2021-06-13 14:00,295.9601763,237.2067051,359.5243787,181.8178174
2021-06-13 15:00,302.2744438,226.0749324,356.2831125,168.5832277
2021-06-13 16:00,238.3651433,200.6788498,307.0659884,153.2926233
2021-06-13 17:00,193.7887412,170.1385812,247.0951317,108.4540763
2021-06-13 18:00,151.6209427,121.565086,175.8932352,59.6426583
2021-06-13 19:00,100.1439958,61.11360471,109.2582014,35.29734911
2021-06-13 20:00,52.89178698,39.56309506,58.40017511,27.06793535
2021-06-13 21:00,0,0,0,0
2021-06-13 22:00,0,0,0,0
2021-06-13 23:00,0,0,0,0
2021-06-13 24:00:00,0,0,0,0
2021-06-14 1:00,0,0,0,0
2021-06-14 2:00,0,0,0,0
2021-06-14 3:00,0,0,0,0
2021-06-14 4:00,0,0,0,0
2021-06-14 5:00,0,0,0,0
2021-06-14 6:00,0,0,0,0
2021-06-14 7:00,54.95943237,43.45266237,58.40017511,32.23336477
2021-06-14 8:00,93.43446519,68.18044886,102.2184185,48.04643954
2021-06-14 9:00,169.7548576,133.4751153,192.8261789,57.2940141
2021-06-14 10:00,240.3463407,205.7689401,286.1219097,89.59882654
2021-06-14 11:00,335.7922665,255.1624574,364.7034853,82.80038931
2021-06-14 12:00,355.8988979,267.606014,395.5524219,67.45106131
2021-06-14 13:00,365.4234947,269.8960938,396.5777491,50.68072269
2021-06-14 14:00,317.0587732,244.592422,373.1590476,50.68072269
2021-06-14 15:00,274.8492537,213.8791031,326.6669292,50.68072269
2021-06-14 16:00,223.2028787,154.4450357,235.9085971,50.65817078
2021-06-14 17:00,151.1960149,112.9365051,164.236958,50.72309406
2021-06-14 18:00,141.1195599,97.26781189,149.7402285,49.21410022
2021-06-14 19:00,81.05577251,58.69286377,90.08561869,35.29734911
2021-06-14 20:00,52.89178698,39.56309506,58.32260313,27.06793535
2021-06-14 21:00,0,0,0,0
2021-06-14 22:00,0,0,0,0
2021-06-14 23:00,0,0,0,0
2021-06-14 24:00:00,0,0,0,0
2021-06-15 1:00,0,0,0,0
2021-06-15 2:00,0,0,0,0
2021-06-15 3:00,0,0,0,0
2021-06-15 4:00,0,0,0,0
2021-06-15 5:00,0,0,0,0
2021-06-15 6:00,0,0,0,0
2021-06-15 7:00,54.95943237,39.75207149,58.32260313,32.23336477
2021-06-15 8:00,80.93580305,59.43844294,89.91776066,47.24464974
2021-06-15 9:00,171.669978,118.4822488,167.8774939,50.72309406
2021-06-15 10:00,178.052038,156.6491418,212.4568062,50.65817078
2021-06-15 11:00,218.1510673,169.9564769,240.7029379,50.68072269
2021-06-15 12:00,229.376487,178.1435986,241.2899412,50.68072269
2021-06-15 13:00,227.9061932,178.1435986,241.3710061,50.68072269
2021-06-15 14:00,232.4077527,173.2286,247.7450691,50.68072269
2021-06-15 15:00,231.5668988,173.2286,245.8017126,50.68072269
2021-06-15 16:00,222.8330093,161.1745238,233.0997669,50.65817078
2021-06-15 17:00,154.5256727,115.7736814,175.7371904,50.72309406
2021-06-15 18:00,139.1934085,96.94728943,151.0217595,49.21410022
2021-06-15 19:00,81.05577251,58.69286377,90.08561869,35.29734911
2021-06-15 20:00,52.89178698,39.56309506,58.32260313,27.06793535
2021-06-15 21:00,0,0,0,0
2021-06-15 22:00,0,0,0,0
2021-06-15 23:00,0,0,0,0
2021-06-15 24:00:00,0,0,0,0
2021-06-16 1:00,0,0,0,0
2021-06-16 2:00,0,0,0,0
2021-06-16 3:00,0,0,0,0
2021-06-16 4:00,0,0,0,0
2021-06-16 5:00,0,0,0,0
2021-06-16 6:00,0,0,0,0
2021-06-16 7:00,54.95943237,43.45266237,58.40017511,32.23336477
2021-06-16 8:00,93.43446519,68.18044886,102.2184185,47.24464974
2021-06-16 9:00,169.7548576,135.6788618,195.4000756,50.72309406
2021-06-16 10:00,242.8175597,217.2020111,300.1252852,50.65817078
2021-06-16 11:00,342.9862189,273.2854923,380.5999259,50.97372711
2021-06-16 12:00,330.0020404,252.3965324,381.3660386,67.5598199
2021-06-16 13:00,281.62941,220.6908353,329.4877359,67.5598199
2021-06-16 14:00,332.8139065,237.3190252,346.1813567,83.70247181
2021-06-16 15:00,357.1373469,237.7325471,382.4746923,83.70247181
2021-06-16 16:00,319.5769178,239.3915654,338.2649079,66.29735262
2021-06-16 17:00,240.7056537,185.9803723,265.6532537,51.32626804
2021-06-16 18:00,162.7199345,117.1597185,183.4801638,49.46157137
2021-06-16 19:00,100.1439958,61.11360471,109.2582014,35.29734911
2021-06-16 20:00,52.89178698,39.56309506,58.40017511,27.06793535
2021-06-16 21:00,0,0,0,0
2021-06-16 22:00,0,0,0,0
2021-06-16 23:00,0,0,0,0
2021-06-16 24:00:00,0,0,0,0
2021-06-17 1:00,0,0,0,0
2021-06-17 2:00,0,0,0,0
2021-06-17 3:00,0,0,0,0
2021-06-17 4:00,0,0,0,0
2021-06-17 5:00,0,0,0,0
2021-06-17 6:00,0,0,0,0
2021-06-17 7:00,54.95943237,39.75207149,58.32260313,32.23336477
2021-06-17 8:00,80.93580305,59.43844294,89.96265248,48.04643954
2021-06-17 9:00,151.7258845,107.9120351,157.2070898,56.80721644
2021-06-17 10:00,173.6508391,154.0528464,226.6311452,89.85169094
2021-06-17 11:00,204.4533376,163.7155441,225.9839987,82.9091479
2021-06-17 12:00,175.7893968,139.8650884,193.3848911,83.70247181
2021-06-17 13:00,156.4285398,113.1973947,155.1405668,67.5598199
2021-06-17 14:00,141.9854097,89.62676208,140.8428784,67.5598199
2021-06-17 15:00,141.9854097,90.89311531,140.8428784,67.5598199
2021-06-17 16:00,150.7252786,108.2184342,157.1010471,66.29735262
2021-06-17 17:00,132.6680292,85.83960414,129.5259653,51.32626804
2021-06-17 18:00,116.3893774,79.32507368,112.1047175,49.46157137
2021-06-17 19:00,81.05577251,58.69286377,89.41674208,35.29734911
2021-06-17 20:00,54.05949631,40.37611219,58.32260313,27.06793535
2021-06-17 21:00,0,0,0,0
2021-06-17 22:00,0,0,0,0
2021-06-17 23:00,0,0,0,0
2021-06-17 24:00:00,0,0,0,0
2021-06-18 1:00,0,0,0,0
2021-06-18 2:00,0,0,0,0
2021-06-18 3:00,0,0,0,0
2021-06-18 4:00,0,0,0,0
2021-06-18 5:00,0,0,0,0
2021-06-18 6:00,0,0,0,0
2021-06-18 7:00,54.95943237,39.75207149,58.32260313,32.23336477
2021-06-18 8:00,80.93580305,59.43844294,87.88362715,58.36643167
2021-06-18 9:00,143.0893342,101.6351231,149.5052415,92.33848595
2021-06-18 10:00,150.4875324,122.0807953,192.7663468,121.4488791
2021-06-18 11:00,242.2492582,160.003146,247.2198552,129.5297137
2021-06-18 12:00,238.6960103,179.2507986,323.7635474,138.4219558
2021-06-18 13:00,236.5874492,211.2627155,319.4973669,98.47720099
2021-06-18 14:00,236.5874492,211.2627155,319.4973669,83.70247181
2021-06-18 15:00,246.4004331,202.7496555,305.953516,67.5598199
2021-06-18 16:00,200.8070765,180.8224687,278.4152894,50.65817078
2021-06-18 17:00,176.1340052,146.4601446,229.7734313,69.69107855
2021-06-18 18:00,140.42102,116.0592686,170.048053,59.34183241
2021-06-18 19:00,100.1439958,61.11360471,109.2582014,35.62792218
2021-06-18 20:00,54.68045956,40.9769893,63.31819904,27.06793535
2021-06-18 21:00,0,0,0,0
2021-06-18 22:00,0,0,0,0
2021-06-18 23:00,0,0,0,0
2021-06-18 24:00:00,0,0,0,0
2021-06-19 1:00,0,0,0,0
2021-06-19 2:00,0,0,0,0
2021-06-19 3:00,0,0,0,0
2021-06-19 4:00,0,0,0,0
2021-06-19 5:00,0,0,0,0
2021-06-19 6:00,0,0,0,0
2021-06-19 7:00,54.95943237,43.45266237,58.40017511,34.57011213
2021-06-19 8:00,93.43446519,68.18044886,109.74235,65.50559306
2021-06-19 9:00,169.7548576,135.8586904,200.3643718,110.0180522
2021-06-19 10:00,242.3535387,217.2020111,296.7746171,154.7620565
2021-06-19 11:00,347.0248987,269.1056669,370.2061258,170.6420761
2021-06-19 12:00,350.8581106,269.5221275,371.0719672,184.0030121
2021-06-19 13:00,355.3365096,256.1683414,375.0850106,182.2691816
2021-06-19 14:00,286.5005461,218.4947943,332.2103971,182.2691816
2021-06-19 15:00,283.7127873,210.1124056,316.4300317,169.0345919
2021-06-19 16:00,226.0774099,184.9039873,285.1009253,153.7439875
2021-06-19 17:00,187.3213211,160.3498051,235.6186135,108.9054405
2021-06-19 18:00,151.6209427,120.1450779,175.8932352,66.23839463
2021-06-19 19:00,100.1439958,61.11360471,109.2582014,39.61770534
2021-06-19 20:00,54.68045956,40.9769893,63.31819904,27.06793535
2021-06-19 21:00,0,0,0,0
2021-06-19 22:00,0,0,0,0
2021-06-19 23:00,0,0,0,0
2021-06-19 24:00:00,0,0,0,0
2021-06-20 1:00,0,0,0,0
2021-06-20 2:00,0,0,0,0
2021-06-20 3:00,0,0,0,0
2021-06-20 4:00,0,0,0,0
2021-06-20 5:00,0,0,0,0
2021-06-20 6:00,0,0,0,0
2021-06-20 7:00,54.95943237,43.45266237,58.40017511,34.57011213
2021-06-20 8:00,98.72683336,68.18044886,109.74235,65.50559306
2021-06-20 9:00,169.7548576,133.4751153,193.2553469,110.0180522
2021-06-20 10:00,237.1025092,208.0233119,296.3217885,154.7620565
2021-06-20 11:00,297.0001075,252.9511178,349.2451215,171.1513816
2021-06-20 12:00,301.459752,253.8257166,365.2589962,184.5123177
2021-06-20 13:00,291.2431152,218.4947943,332.2103971,184.5123177
2021-06-20 14:00,288.6557275,218.3793503,329.9738826,184.0030121
2021-06-20 15:00,288.4553564,209.9817343,316.4300317,170.6420761
2021-06-20 16:00,224.9287588,188.0545475,287.3374398,155.3514717
2021-06-20 17:00,205.0212183,163.7849319,244.0417244,109.567121
2021-06-20 18:00,162.7199345,142.0052322,183.8730066,66.39847152
2021-06-20 19:00,100.1439958,61.11360471,109.2582014,39.61770534
2021-06-20 20:00,54.68045956,40.9769893,63.31819904,27.06793535
2021-06-20 21:00,0,0,0,0
2021-06-20 22:00,0,0,0,0
2021-06-20 23:00,0,0,0,0
2021-06-20 24:00:00,0,0,0,0
2021-06-21 1:00,0,0,0,0
2021-06-21 2:00,0,0,0,0
2021-06-21 3:00,0,0,0,0
2021-06-21 4:00,0,0,0,0
2021-06-21 5:00,0,0,0,0
2021-06-21 6:00,0,0,0,0
2021-06-21 7:00,54.95943237,43.45266237,58.40017511,34.57011213
2021-06-21 8:00,98.72683336,68.18044886,109.74235,65.50559306
2021-06-21 9:00,169.7548576,135.8586904,196.185468,110.0180522
2021-06-21 10:00,242.3535387,211.898793,296.8535898,153.7439875
2021-06-21 11:00,341.7038019,260.8801344,375.7270717,159.5035217
2021-06-21 12:00,344.4801225,270.0248544,396.3163491,156.2706639
2021-06-21 13:00,356.4607148,266.6894901,392.2426852,140.2025644
2021-06-21 14:00,306.7806856,238.2021978,363.0926418,140.2025644
2021-06-21 15:00,306.4906962,228.7906885,354.4066522,131.7878124
2021-06-21 16:00,230.5504362,200.784981,307.7692759,124.5157541
2021-06-21 17:00,184.9035362,162.2190319,235.6186135,88.00322079
2021-06-21 18:00,166.6257023,136.1394911,232.6967014,60.85787693
2021-06-21 19:00,100.1439958,61.11360471,109.2582014,35.62792218
2021-06-21 20:00,54.68045956,40.9769893,63.31819904,27.06793535
2021-06-21 21:00,0,0,0,0
2021-06-21 22:00,0,0,0,0
2021-06-21 23:00,0,0,0,0
2021-06-21 24:00:00,0,0,0,0
2021-06-22 1:00,0,0,0,0
2021-06-22 2:00,0,0,0,0
2021-06-22 3:00,0,0,0,0
2021-06-22 4:00,0,0,0,0
2021-06-22 5:00,0,0,0,0
2021-06-22 6:00,0,0,0,0
2021-06-22 7:00,54.95943237,39.75207149,58.32260313,32.71339246
2021-06-22 8:00,81.05577251,59.43844294,92.20953584,59.95985386
2021-06-22 9:00,158.0010606,109.4493395,159.3964911,93.33754292
2021-06-22 10:00,182.7660122,156.9610035,230.6657318,121.8858698
2021-06-22 11:00,252.5958329,191.0525912,270.7348209,140.8842726
2021-06-22 12:00,231.1896658,173.309151,247.7450691,140.3979436
2021-06-22 13:00,230.5229745,173.309151,247.7450691,140.3979436
2021-06-22 14:00,203.7715162,155.5970516,215.9517229,135.7298671
2021-06-22 15:00,166.0476107,136.7369519,184.6253176,112.6197605
2021-06-22 16:00,142.210315,106.6660438,150.9033561,65.74272784
2021-06-22 17:00,112.7353673,83.523391,126.9447125,51.32626804
2021-06-22 18:00,101.5485613,81.56773064,109.5234647,49.46157137
2021-06-22 19:00,81.05577251,58.69286377,89.41674208,35.29734911
2021-06-22 20:00,54.05949631,40.37611219,61.62850804,27.06793535
2021-06-22 21:00,0,0,0,0
2021-06-22 22:00,0,0,0,0
2021-06-22 23:00,0,0,0,0
2021-06-22 24:00:00,0,0,0,0
2021-06-23 1:00,0,0,0,0
2021-06-23 2:00,0,0,0,0
2021-06-23 3:00,0,0,0,0
2021-06-23 4:00,0,0,0,0
2021-06-23 5:00,0,0,0,0
2021-06-23 6:00,0,0,0,0
2021-06-23 7:00,54.95943237,43.45266237,58.40017511,32.23336477
2021-06-23 8:00,88.46062317,67.71188477,100.4522706,48.04643954
2021-06-23 9:00,168.7223565,114.1991995,168.4813959,57.2940141
2021-06-23 10:00,231.9977552,176.9322357,269.6779749,107.9525184
2021-06-23 11:00,270.0259785,190.0077015,281.2945124,115.5165542
2021-06-23 12:00,272.1940379,207.418116,291.9008616,112.7558111
2021-06-23 13:00,263.4571563,197.1658031,289.8148661,98.6213068
2021-06-23 14:00,228.8019306,177.9410674,260.6216992,83.70247181
2021-06-23 15:00,207.5673077,152.2243306,235.9546639,83.70247181
2021-06-23 16:00,150.6394385,106.9448017,154.1159889,66.29735262
2021-06-23 17:00,132.6680292,86.30450894,129.5259653,51.32626804
2021-06-23 18:00,116.2539373,80.89384849,112.1047175,49.46157137
2021-06-23 19:00,81.05577251,58.69286377,89.41674208,35.29734911
2021-06-23 20:00,54.05949631,40.37611219,61.62850804,27.06793535
2021-06-23 21:00,0,0,0,0
2021-06-23 22:00,0,0,0,0
2021-06-23 23:00,0,0,0,0
2021-06-23 24:00:00,0,0,0,0
2021-06-24 1:00,0,0,0,0
2021-06-24 2:00,0,0,0,0
2021-06-24 3:00,0,0,0,0
2021-06-24 4:00,0,0,0,0
2021-06-24 5:00,0,0,0,0
2021-06-24 6:00,0,0,0,0
2021-06-24 7:00,54.95943237,43.45266237,58.40017511,32.71339246
2021-06-24 8:00,93.43446519,68.18044886,109.74235,58.66725755
2021-06-24 9:00,169.7548576,133.4751153,193.2553469,92.43302855
2021-06-24 10:00,233.8888527,203.3773597,285.9745933,121.8858698
2021-06-24 11:00,294.7888119,248.8713386,358.6091431,154.0192999
2021-06-24 12:00,286.1320524,237.0412989,370.1604432,171.5369774
2021-06-24 13:00,282.2939119,222.7602095,359.5243787,182.2691816
2021-06-24 14:00,251.8837277,214.1507278,350.6447967,181.8178174
2021-06-24 15:00,240.6146933,203.7977047,326.6567572,168.5832277
2021-06-24 16:00,202.9847773,181.0139672,284.7599151,153.2926233
2021-06-24 17:00,173.3497908,156.7058076,229.7734313,108.4540763
2021-06-24 18:00,140.42102,116.0930603,170.048053,66.23839463
2021-06-24 19:00,100.1439958,61.11360471,109.2582014,39.61770534
2021-06-24 20:00,54.68045956,40.9769893,63.31819904,27.06793535
2021-06-24 21:00,0,0,0,0
2021-06-24 22:00,0,0,0,0
2021-06-24 23:00,0,0,0,0
2021-06-24 24:00:00,0,0,0,0
2021-06-25 1:00,0,0,0,0
2021-06-25 2:00,0,0,0,0
2021-06-25 3:00,0,0,0,0
2021-06-25 4:00,0,0,0,0
2021-06-25 5:00,0,0,0,0
2021-06-25 6:00,0,0,0,0
2021-06-25 7:00,54.95943237,43.45266237,58.40017511,34.57011213
2021-06-25 8:00,88.23693682,67.71188477,98.41002244,65.50559306
2021-06-25 9:00,167.3108707,118.2688003,175.1011088,110.0180522
2021-06-25 10:00,227.8670892,181.6042296,257.5172337,154.7620565
2021-06-25 11:00,261.1835222,210.736031,296.4672853,163.0340562
2021-06-25 12:00,263.3486724,208.1322729,294.6892219,160.970815
2021-06-25 13:00,253.506581,194.4521831,276.9667611,140.2306374
2021-06-25 14:00,212.901906,170.0540292,246.750578,135.7298671
2021-06-25 15:00,212.8160659,169.7540347,230.3142536,117.2416448
2021-06-25 16:00,196.3232341,154.2865956,214.2278937,65.40000403
2021-06-25 17:00,146.6941235,110.1294644,145.112861,51.32626804
2021-06-25 18:00,117.940319,79.32507368,112.1047175,49.46157137
2021-06-25 19:00,81.05577251,58.69286377,89.41674208,35.29734911
2021-06-25 20:00,54.05949631,40.37611219,61.62850804,27.06793535
2021-06-25 21:00,0,0,0,0
2021-06-25 22:00,0,0,0,0
2021-06-25 23:00,0,0,0,0
2021-06-25 24:00:00,0,0,0,0
2021-06-26 1:00,0,0,0,0
2021-06-26 2:00,0,0,0,0
2021-06-26 3:00,0,0,0,0
2021-06-26 4:00,0,0,0,0
2021-06-26 5:00,0,0,0,0
2021-06-26 6:00,0,0,0,0
2021-06-26 7:00,54.95943237,43.45266237,58.40017511,32.23336477
2021-06-26 8:00,88.23693682,67.71188477,98.77515832,58.36643167
2021-06-26 9:00,167.3108707,118.2688003,175.1011088,92.43302855
2021-06-26 10:00,233.726207,194.3590139,271.7046286,121.8858698
2021-06-26 11:00,310.2950524,230.7377662,331.9251079,140.6431039
2021-06-26 12:00,262.0004856,223.9980253,319.6773142,137.6486236
2021-06-26 13:00,284.2312181,210.5075815,300.572115,98.36844239
2021-06-26 14:00,284.0107942,227.7540393,346.2105984,124.24851
2021-06-26 15:00,288.4133503,228.9419603,356.2831125,127.2870421
2021-06-26 16:00,234.9248088,204.1477456,310.5490061,124.0643898
2021-06-26 17:00,184.756774,170.128763,235.6186135,87.87936175
2021-06-26 18:00,143.0479751,117.9614935,173.5842631,61.07818454
2021-06-26 19:00,100.1439958,61.11360471,109.2582014,35.62792218
2021-06-26 20:00,54.68045956,40.9769893,58.40017511,27.06793535
2021-06-26 21:00,0,0,0,0
2021-06-26 22:00,0,0,0,0
2021-06-26 23:00,0,0,0,0
2021-06-26 24:00:00,0,0,0,0
2021-06-27 1:00,0,0,0,0
2021-06-27 2:00,0,0,0,0
2021-06-27 3:00,0,0,0,0
2021-06-27 4:00,0,0,0,0
2021-06-27 5:00,0,0,0,0
2021-06-27 6:00,0,0,0,0
2021-06-27 7:00,54.95943237,43.45266237,58.40017511,32.71339246
2021-06-27 8:00,93.43446519,68.18044886,102.2184185,58.66725755
2021-06-27 9:00,169.7548576,133.4751153,192.8261789,92.43302855
2021-06-27 10:00,237.5665302,208.6415035,296.8535898,121.8858698
2021-06-27 11:00,302.6513228,260.8884055,371.175654,162.3422614
2021-06-27 12:00,311.4782987,270.3479674,398.1928094,167.5640378
2021-06-27 13:00,318.9807139,269.8960938,396.5777491,175.1795347
2021-06-27 14:00,293.1072465,244.7713552,370.1604432,164.4462358
2021-06-27 15:00,277.8164981,225.9344777,345.6470481,131.3364482
2021-06-27 16:00,226.9238739,189.1749089,296.5507223,50.65817078
2021-06-27 17:00,175.9767459,156.4440893,233.199158,50.72309406
2021-06-27 18:00,143.2011884,116.2552309,170.1585364,59.34183241
2021-06-27 19:00,100.1439958,61.11360471,109.2582014,35.62792218
2021-06-27 20:00,52.89178698,39.56309506,58.40017511,27.06793535
2021-06-27 21:00,0,0,0,0
2021-06-27 22:00,0,0,0,0
2021-06-27 23:00,0,0,0,0
2021-06-27 24:00:00,0,0,0,0
2021-06-28 1:00,0,0,0,0
2021-06-28 2:00,0,0,0,0
2021-06-28 3:00,0,0,0,0
2021-06-28 4:00,0,0,0,0
2021-06-28 5:00,0,0,0,0
2021-06-28 6:00,0,0,0,0
2021-06-28 7:00,54.95943237,43.45266237,58.40017511,32.71339246
2021-06-28 8:00,88.23693682,67.71188477,98.77515832,58.66725755
2021-06-28 9:00,167.4355847,116.2970537,175.4662447,82.38311111
2021-06-28 10:00,227.8670892,187.8162088,272.8197877,89.18830757
2021-06-28 11:00,314.2326578,236.9672932,335.1690362,117.2416448
2021-06-28 12:00,294.75248,224.7383278,339.9679088,135.0421531
2021-06-28 13:00,284.2312181,210.4517282,300.572115,139.2588654
2021-06-28 14:00,275.6688041,210.3112735,287.0673178,139.2588654
2021-06-28 15:00,245.0901338,182.3270344,259.9412655,131.5037544
2021-06-28 16:00,211.4573251,141.3878663,224.3169087,124.0643898
2021-06-28 17:00,182.1733351,122.3876161,190.0508194,87.65905414
2021-06-28 18:00,151.5098162,105.9268459,150.4355878,60.85787693
2021-06-28 19:00,88.46062317,60.64504062,99.29924538,35.62792218
2021-06-28 20:00,52.89178698,39.56309506,58.40017511,27.06793535
2021-06-28 21:00,0,0,0,0
2021-06-28 22:00,0,0,0,0
2021-06-28 23:00,0,0,0,0
2021-06-28 24:00:00,0,0,0,0
2021-06-29 1:00,0,0,0,0
2021-06-29 2:00,0,0,0,0
2021-06-29 3:00,0,0,0,0
2021-06-29 4:00,0,0,0,0
2021-06-29 5:00,0,0,0,0
2021-06-29 6:00,0,0,0,0
2021-06-29 7:00,54.95943237,43.45266237,58.40017511,34.57011213
2021-06-29 8:00,93.43446519,68.18044886,102.2184185,65.50559306
2021-06-29 9:00,169.7548576,133.654944,193.6674481,110.0180522
2021-06-29 10:00,234.8349911,205.7689401,286.1219097,144.2410096
2021-06-29 11:00,293.7809933,253.3333251,364.7034853,161.9336958
2021-06-29 12:00,291.733827,234.8237853,364.1366929,175.3468409
2021-06-29 13:00,285.2986777,211.0228444,298.5005015,174.8954767
2021-06-29 14:00,273.1943895,210.3112735,280.0229936,174.8954767
2021-06-29 15:00,251.8682882,182.6148454,265.330607,159.8748474
2021-06-29 16:00,214.0640742,146.1226844,224.3169087,142.7715763
2021-06-29 17:00,173.7241009,120.3744431,188.0091787,108.4540763
2021-06-29 18:00,143.0479751,103.9136729,148.9669325,66.23839463
2021-06-29 19:00,88.46062317,60.64504062,99.29924538,39.61770534
2021-06-29 20:00,52.89178698,39.56309506,58.40017511,27.06793535
2021-06-29 21:00,0,0,0,0
2021-06-29 22:00,0,0,0,0
2021-06-29 23:00,0,0,0,0
2021-06-29 24:00:00,0,0,0,0
2021-06-30 1:00,0,0,0,0
2021-06-30 2:00,0,0,0,0
2021-06-30 3:00,0,0,0,0
2021-06-30 4:00,0,0,0,0
2021-06-30 5:00,0,0,0,0
2021-06-30 6:00,0,0,0,0
2021-06-30 7:00,54.95943237,43.45266237,58.40017511,32.23336477
2021-06-30 8:00,88.23693682,67.71188477,98.77515832,48.04643954
2021-06-30 9:00,168.7223565,114.1991995,170.9503853,57.2940141
2021-06-30 10:00,233.726207,194.3590139,276.5420481,111.4401465
2021-06-30 11:00,302.8686155,252.9221434,357.543376,134.8100259
2021-06-30 12:00,310.3572395,267.0983703,390.8917556,142.2357863
2021-06-30 13:00,288.6137215,237.2067051,370.1604432,139.0915592
2021-06-30 14:00,280.0513074,237.0662504,359.5243787,139.0915592
2021-06-30 15:00,279.8509363,220.9767336,345.6470481,131.3364482
2021-06-30 16:00,228.0375094,192.8013007,299.9129416,124.0643898
2021-06-30 17:00,185.510996,151.7988124,235.6186135,84.67773942
2021-06-30 18:00,151.6209427,123.5280879,175.8932352,57.71247708
2021-06-30 19:00,100.1439958,61.11360471,109.2582014,35.29734911
2021-06-30 20:00,52.89178698,39.56309506,58.40017511,27.06793535
2021-06-30 21:00,0,0,0,0
2021-06-30 22:00,0,0,0,0
2021-06-30 23:00,0,0,0,0
2021-06-30 24:00:00,0,0,0,0
2021-07-01 1:00,0,0,0,0
2021-07-01 2:00,0,0,0,0
2021-07-01 3:00,0,0,0,0
2021-07-01 4:00,0,0,0,0
2021-07-01 5:00,0,0,0,0
2021-07-01 6:00,0,0,0,0
2021-07-01 7:00,54.95943237,43.45266237,58.40017511,32.71339246
2021-07-01 8:00,93.43446519,68.18044886,102.2184185,58.66725755
2021-07-01 9:00,169.7548576,133.654944,193.6674481,92.43302855
2021-07-01 10:00,234.8349911,205.7689401,286.1219097,121.8858698
2021-07-01 11:00,293.7809933,255.1624574,364.7034853,159.1533004
2021-07-01 12:00,310.8043549,267.606014,395.5524219,167.8172298
2021-07-01 13:00,320.3689179,269.8960938,396.5777491,175.1795347
2021-07-01 14:00,293.1072465,244.7713552,373.1590476,174.7281705
2021-07-01 15:00,292.9068753,234.9306017,356.2831125,159.7075412
2021-07-01 16:00,234.6177022,200.9426878,307.7692759,142.7715763
2021-07-01 17:00,184.5371068,151.4782672,235.6186135,108.4540763
2021-07-01 18:00,151.6209427,120.2043152,175.8932352,66.23839463
2021-07-01 19:00,100.1439958,61.11360471,109.2582014,39.61770534
2021-07-01 20:00,52.89178698,39.56309506,58.40017511,27.06793535
2021-07-01 21:00,0,0,0,0
2021-07-01 22:00,0,0,0,0
2021-07-01 23:00,0,0,0,0
2021-07-01 24:00:00,0,0,0,0
2021-07-02 1:00,0,0,0,0
2021-07-02 2:00,0,0,0,0
2021-07-02 3:00,0,0,0,0
2021-07-02 4:00,0,0,0,0
2021-07-02 5:00,0,0,0,0
2021-07-02 6:00,0,0,0,0
2021-07-02 7:00,54.70530905,43.45266237,58.40017511,34.57011213
2021-07-02 8:00,88.23693682,67.71188477,97.88098199,65.50559306
2021-07-02 9:00,150.6574122,107.9120351,155.1715685,99.75768076
2021-07-02 10:00,174.7577435,145.5205763,209.6187837,120.9477079
2021-07-02 11:00,221.1999588,169.7891486,249.3993574,127.2870421
2021-07-02 12:00,233.5814597,179.7204185,250.9629945,119.6266257
2021-07-02 13:00,233.9126898,179.7204185,255.4974608,57.19580422
2021-07-02 14:00,233.5814597,177.4778907,250.9629945,63.88822429
2021-07-02 15:00,232.8758606,177.4778907,250.9629945,63.88822429
2021-07-02 16:00,224.8086625,164.8081535,238.2610489,57.17325231
2021-07-02 17:00,173.3477048,127.1182468,179.4103667,81.77400588
2021-07-02 18:00,156.9734148,106.1598825,159.9781135,59.6426583
2021-07-02 19:00,88.46062317,60.64504062,99.96812199,35.62792218
2021-07-02 20:00,52.89178698,39.56309506,58.40017511,27.06793535
2021-07-02 21:00,0,0,0,0
2021-07-02 22:00,0,0,0,0
2021-07-02 23:00,0,0,0,0
2021-07-02 24:00:00,0,0,0,0
2021-07-03 1:00,0,0,0,0
2021-07-03 2:00,0,0,0,0
2021-07-03 3:00,0,0,0,0
2021-07-03 4:00,0,0,0,0
2021-07-03 5:00,0,0,0,0
2021-07-03 6:00,0,0,0,0
2021-07-03 7:00,54.70530905,39.75207149,58.32260313,32.23336477
2021-07-03 8:00,80.93580305,59.43844294,87.83873533,55.93528653
2021-07-03 9:00,140.9525314,101.695505,149.6255978,84.67773942
2021-07-03 10:00,170.4390082,147.0528913,207.7402303,120.8738454
2021-07-03 11:00,219.7836831,165.3136089,246.1394574,131.4298919
2021-07-03 12:00,230.0121478,172.38669,247.7030946,139.2588654
2021-07-03 13:00,229.3454564,172.38669,247.7030946,139.2588654
2021-07-03 14:00,200.7950878,153.0429012,223.9635213,135.0421531
2021-07-03 15:00,163.0711824,138.2918511,196.5121326,112.5458979
2021-07-03 16:00,141.1863099,117.5789198,175.1171737,50.65817078
2021-07-03 17:00,114.3249788,89.73299072,130.961459,50.72309406
2021-07-03 18:00,103.1381727,83.42901619,113.5402111,49.21410022
2021-07-03 19:00,81.05577251,58.69286377,89.41674208,35.29734911
2021-07-03 20:00,52.89178698,39.56309506,58.32260313,27.06793535
2021-07-03 21:00,0,0,0,0
2021-07-03 22:00,0,0,0,0
2021-07-03 23:00,0,0,0,0
2021-07-03 24:00:00,0,0,0,0
2021-07-04 1:00,0,0,0,0
2021-07-04 2:00,0,0,0,0
2021-07-04 3:00,0,0,0,0
2021-07-04 4:00,0,0,0,0
2021-07-04 5:00,0,0,0,0
2021-07-04 6:00,0,0,0,0
2021-07-04 7:00,54.70530905,39.75207149,58.32260313,32.23336477
2021-07-04 8:00,80.93580305,59.43844294,88.24876303,47.24464974
2021-07-04 9:00,138.9827572,100.9500425,148.6600781,50.72309406
2021-07-04 10:00,172.651185,149.7306031,209.3693069,75.45456761
2021-07-04 11:00,222.630457,172.4668604,253.9657653,75.45456761
2021-07-04 12:00,249.2400752,210.8333545,319.785384,63.88822429
2021-07-04 13:00,310.8930495,229.5580887,342.0586456,57.19580422
2021-07-04 14:00,339.2173512,271.7791512,412.0504835,52.02570873
2021-07-04 15:00,331.6484637,282.2871356,409.998444,63.88822429
2021-07-04 16:00,299.654826,251.8685693,367.8563007,57.17325231
2021-07-04 17:00,254.8016744,186.6955066,283.1656564,50.72309406
2021-07-04 18:00,170.0318481,122.7474611,185.4392406,49.21410022
2021-07-04 19:00,88.46062317,60.64504062,100.8622983,35.29734911
2021-07-04 20:00,52.89178698,39.56309506,58.40017511,27.06793535
2021-07-04 21:00,0,0,0,0
2021-07-04 22:00,0,0,0,0
2021-07-04 23:00,0,0,0,0
2021-07-04 24:00:00,0,0,0,0
2021-07-05 1:00,0,0,0,0
2021-07-05 2:00,0,0,0,0
2021-07-05 3:00,0,0,0,0
2021-07-05 4:00,0,0,0,0
2021-07-05 5:00,0,0,0,0
2021-07-05 6:00,0,0,0,0
2021-07-05 7:00,54.70530905,39.75207149,58.32260313,32.71339246
2021-07-05 8:00,80.93580305,59.43844294,86.61521529,65.50559306
2021-07-05 9:00,141.5358403,101.695505,149.6255978,108.4540763
2021-07-05 10:00,173.5920831,149.7306031,209.3693069,142.5049036
2021-07-05 11:00,223.1645235,168.0718717,249.2194926,159.4408685
2021-07-05 12:00,235.0649831,175.1449529,245.1986987,174.2924026
2021-07-05 13:00,235.0649831,180.2361536,244.3269791,175.929566
2021-07-05 14:00,235.262611,180.2361536,244.3269791,175.929566
2021-07-05 15:00,235.262611,180.2361536,241.4515401,161.9795962
2021-07-05 16:00,226.997785,167.5664163,228.7495945,143.8578321
2021-07-05 17:00,181.4351704,131.7645371,188.5199573,109.0703586
2021-07-05 18:00,145.2154072,102.0593304,153.9760754,66.85467688
2021-07-05 19:00,81.05577251,58.69286377,90.08561869,39.61770534
2021-07-05 20:00,52.89178698,39.56309506,58.32260313,27.06793535
2021-07-05 21:00,0,0,0,0
2021-07-05 22:00,0,0,0,0
2021-07-05 23:00,0,0,0,0
2021-07-05 24:00:00,0,0,0,0
2021-07-06 1:00,0,0,0,0
2021-07-06 2:00,0,0,0,0
2021-07-06 3:00,0,0,0,0
2021-07-06 4:00,0,0,0,0
2021-07-06 5:00,0,0,0,0
2021-07-06 6:00,0,0,0,0
2021-07-06 7:00,54.66478767,39.75207149,58.32260313,32.23336477
2021-07-06 8:00,80.93580305,59.43844294,86.61521529,47.24464974
2021-07-06 9:00,139.6131383,100.9500425,148.2500504,50.72309406
2021-07-06 10:00,147.7910751,120.4446663,183.8695781,73.34211422
2021-07-06 11:00,194.2805399,141.965287,215.9477715,73.34211422
2021-07-06 12:00,202.8917595,147.8086818,217.5114086,61.7757709
2021-07-06 13:00,202.8917595,147.8086818,217.5114086,57.19580422
2021-07-06 14:00,202.8917595,147.8086818,217.5114086,125.6115823
2021-07-06 15:00,202.8917595,147.8086818,217.5114086,129.0502765
2021-07-06 16:00,191.2403384,139.9390475,212.884779,121.9154328
2021-07-06 17:00,154.3196758,115.2728795,170.9692482,84.67773942
2021-07-06 18:00,139.6131383,97.28771002,148.6600781,51.09991194
2021-07-06 19:00,81.05577251,58.69286377,90.49564639,35.29734911
2021-07-06 20:00,52.89178698,39.56309506,58.32260313,27.06793535
2021-07-06 21:00,0,0,0,0
2021-07-06 22:00,0,0,0,0
2021-07-06 23:00,0,0,0,0
2021-07-06 24:00:00,0,0,0,0
2021-07-07 1:00,0,0,0,0
2021-07-07 2:00,0,0,0,0
2021-07-07 3:00,0,0,0,0
2021-07-07 4:00,0,0,0,0
2021-07-07 5:00,0,0,0,0
2021-07-07 6:00,0,0,0,0
2021-07-07 7:00,54.66478767,39.75207149,58.32260313,32.23336477
2021-07-07 8:00,80.93580305,59.43844294,86.61521529,47.24464974
2021-07-07 9:00,139.6131383,100.9500425,148.6600781,50.72309406
2021-07-07 10:00,147.7910751,120.4446663,183.8695781,57.17325231
2021-07-07 11:00,194.2805399,141.9876146,215.9477715,52.02570873
2021-07-07 12:00,202.8917595,147.8892328,217.5114086,50.68072269
2021-07-07 13:00,202.8917595,147.8892328,217.5114086,57.19580422
2021-07-07 14:00,207.7568728,158.2318844,225.5925979,121.5104464
2021-07-07 15:00,207.7568728,158.4423113,236.9124806,125.9966342
2021-07-07 16:00,226.1065359,163.0908767,239.5675569,121.9154328
2021-07-07 17:00,158.9494574,116.018342,175.8715859,87.27618777
2021-07-07 18:00,141.5829125,96.96718756,150.0356255,60.61040579
2021-07-07 19:00,81.05577251,58.69286377,90.49564639,35.62792218
2021-07-07 20:00,52.89178698,39.56309506,58.32260313,27.06793535
2021-07-07 21:00,0,0,0,0
2021-07-07 22:00,0,0,0,0
2021-07-07 23:00,0,0,0,0
2021-07-07 24:00:00,0,0,0,0
2021-07-08 1:00,0,0,0,0
2021-07-08 2:00,,,,
2021-07-08 3:00,,,,
2021-07-08 4:00,,,,
2021-07-08 5:00,,,,
2021-07-08 6:00,,,,
2021-07-08 7:00,,,,
2021-07-08 8:00,,,,
2021-07-08 9:00,,,,
2021-07-08 10:00,,,,
2021-07-08 11:00,,,,
2021-07-08 12:00,,,,
2021-07-08 13:00,,,,
2021-07-08 14:00,,,,
2021-07-08 15:00,,,,
2021-07-08 16:00,,,,
2021-07-08 17:00,,,,
2021-07-08 18:00,,,,
2021-07-08 19:00,,,,
2021-07-08 20:00,,,,
2021-07-08 21:00,,,,
2021-07-08 22:00,,,,
2021-07-08 23:00,,,,
2021-07-08 24:00:00,,,,
